priority,type,company,person_or_role,public_contact,channel,fit_signal,source_url,fit_score,status
1,Customs Broker,Allied CHB,Licensed Customs Brokerage / Furniture Desk,info@alliedchb.com,email,"Explicit Lacey Act workflow for wood furniture; genus/species/country of harvest; multi-species entries; pure licensed customs brokerage.",https://alliedchb.com/services/furniture,10,Not contacted
2,Customs Broker,Lee Hardeman Customs Broker Inc.,Sandy Cato / VP,SandyC@LHCB.com,email,"Public customer workflow tells importer to complete Lacey declaration fields and email the completed form to Sandy; direct evidence of manual document handoff.",https://lhcb.com/customer-forms/,10,Not contacted
3,Customs Broker,A & A Customs Brokers,Trade Compliance / Licensed Customs Broker,Website call/quote,web form,"Current Lacey guidance explicitly describes coordinating foreign suppliers and collecting species/harvest-origin documentation before shipment.",https://www.aacb.com/knowledgebase/lacey-act,10,Not contacted
4,Customs Broker,HYC Logistics,Licensed U.S. Customs Brokerage Department,contact@hyclogistics.com,email,"In-house brokerage explicitly offers Lacey Act filing/processing, ACE transmissions, USDA processing and compliance consulting.",https://www.hyclogistics.com/solutions/solutions-templates,10,Not contacted
5,Customs Broker,CAP International Inc.,Licensed Customs Broker / Lacey Desk,832-649-4392,phone,"Licensed broker explicitly lists Lacey Act and agriculture/PGA clearance; strong fit for pre-filing supplier-data discovery.",https://www.cap-customs-broker.com/services-provided/,9,Not contacted
6,Customs Broker,Argents,Import Operations / Customs Brokerage,Website quote form,web form,"Explicit Lacey Act + TSCA shipments; stages accurate commercial data and supplier attestations before departure.",https://argents.com/customs/,9,Not contacted
7,Customs Broker,American Global Freights,In-house Licensed Customs Broker,Website contact/quote,web form,"In-house licensed brokers; furniture/home-goods specialty explicitly cites Lacey Act compliance for wood products.",https://agfreights.com/customs-broker-los-angeles/,9,Not contacted
8,Customs Broker,Border Brokers,Forest Products Customs Team,1-877-283-1666,phone,"Forest-products specialty explicitly includes Lacey Act, permits, softwood lumber and AD/CVD.",https://borderbrokers.com/services/industries/,9,Not contacted
9,Customs Broker,Pace Global Logistics LLC,Licensed U.S. Customs Broker,Website quote form,web form,"Brokerage explicitly files Lacey Act and other-government-agency requirements and emphasizes regulation accuracy.",https://pacegloballogistics.com/solutions/u-s-customs-brokerage/,9,Not contacted
10,Customs Broker,Zarach Logistics,Customs Brokerage / Furniture Import Team,630-595-7300,phone,"Current furniture-import guidance centers Lacey/TSCA/document readiness; customs broker + supply-chain/document platform.",https://zarachlogistics.com/,9,Not contacted
11,Customs Broker,ACCB Customs Broker,Licensed Customs Broker,imports@accb.us,email,"Nationally licensed broker explicitly handles Lacey Act for wood furniture/articles of wood and USDA/PGA work.",https://www.accb.us/why-us,9,Not contacted
12,Customs Broker,Priority Import-Export Services,Licensed Customs Broker,info@priorityimex.com,email,"Small/mid-size importer focus; public Lacey declaration resources and full customs/PGA workflow.",https://priorityimport.com/,8,Not contacted
13,Customs Broker,CBPbrokers,Furniture Import Customs Team,Website contact,web form,"Furniture guidance explicitly requires PPQ/Lacey scientific name and country-of-harvest information.",https://www.cbpbrokers.com/faq/?opt=furniture,8,Not contacted
14,Customs Broker,Speedy Customs Broker Inc.,Tiffany Li / CEO,USA@Speedycustomsbroker.com,email,"Licensed broker publicly lists commercial invoice, packing list and Lacey declaration among documents required for evaluation.",https://speedycustomsbroker.com/,8,Not contacted
15,Customs Broker,SHIPIT Logistics,Customs Brokerage Partnerships,310-523-2300,phone,"Arranges licensed brokerage and explicitly lists USDA including Lacey Act filing; useful channel discovery though brokerage is partner-delivered.",https://www.shipit.com/customs-brokerage,7,Not contacted
16,Importer,Patriot Timber Products,Import / Responsible Sourcing Team,336-299-7755,phone,"Very strong pain fit: suppliers must provide VAT invoices, transport/transaction records, harvest permits, bills of lading, POs, commercial invoices, packing lists, phyto and certificates of origin for wood sourcing due diligence.",https://www.patriottimber.com/Patriot-Timber-Products-Wood.php,10,Not contacted
17,Importer,Cabinetworks Group,Customs / Trade Compliance,Company careers/contact,LinkedIn,"Supplier terms require legally sourced wood under Lacey and supplier disclosure of materials/composition; multi-supplier cabinet supply chain.",https://cabinetworksgroup.com/suppliers-terms-and-conditions/,10,Not contacted
18,Importer,Clarke Veneers and Plywood,Bronson Newburger / EVP Plywood Procurement,bnewburger@clarkeveneers.com,email,"Operates a documented Verified Vendor Legality Assurance System; chief compliance/executives review suppliers and supply-chain legality.",https://www.clarkeveneers.com/lacey-act,10,Not contacted
19,Importer,Advantage Lumber,International & Wholesale / Import Operations,1-877-232-3915,phone,"Direct sourcing/mills in Brazil, 70+ species and explicit Lacey documentation/traceability from source; operationally close to LT evidence model.",https://www.advantagelumber.com/WhyChooseUs/,9,Not contacted
20,Importer,NK International Trading,Import / Regulatory Compliance,Website contact,web form,"Licensed U.S. Importer of Record; explicitly manages Lacey compliance, chain-of-custody verification, container logistics, customs clearance and global suppliers.",https://www.nktrading.us/,10,Not contacted
21,Importer,CALI Floors,Import / Supplier Compliance,Website contact,web form,"States it is an importer/distributor; requires supplier education and accurate species/genus/quantity/country-of-harvest information for Lacey declarations.",https://www.califloors.com/us-lacey-act-policy-statement,10,Not contacted
22,Importer,KAYU International,Import / Product Compliance,wood@kayu.com,email,"Direct importer of tropical hardwood for U.S./Canada with Lacey/SVLK claims and species-heavy supplier chain.",https://www.kayu.com/wood-patio-porches/,9,Not contacted
23,Importer,Galleher,Responsible Sourcing / Lacey Compliance Team,Website contact,web form,"Dedicated staff implement Lacey policy and continuously work with suppliers to mitigate illegal-wood provenance risk.",https://www.galleher.com/laceyact,9,Not contacted
24,Importer,Plywood Pro LLC,Import Operations,Website consultation form,web form,"U.S.-based direct birch-plywood importer with warehouse inventory and explicit Lacey compliance; likely compact reachable team.",https://plywoodprousa.com/,9,Not contacted
25,Importer,Exotic Tropical Woods,Import / Wholesale Operations,contact@exotictropicalwoods.com,email,"Direct Dominican Republic-to-U.S. hardwood sourcing; advertises full chain-of-custody documentation on every shipment and Lacey compliance.",https://www.exotictropicalwoods.com/,9,Not contacted
26,Importer,MJB Wood Group,Import / Supply Chain Compliance,Company contact form,web form,"Active wood-products supply-chain company; direct public contact route and current exposure to imported panel/wood sourcing makes evidence workflow relevant.",https://www.mjbwood.com/contact-us,8,Not contacted
27,Importer,Rugby Architectural Building Products / HDI,Import Division / Supply Chain Compliance,Company contact,web form,"Current industry profile states global Import Divisions audit vendors for Lacey legal-fiber and TSCA supply-chain compliance.",https://millerwoodtradepub.com/the-growth-continues-at-hdi/,8,Not contacted
28,Importer,Serendipity Collection Floors,Import / Product Compliance,info@serendipitycollection.com,email,"Hardwood-flooring company explicitly describes importer species/country-of-origin declaration requirements and publishes direct contact.",https://serendipitycollection.com/eco-friendly-flooring/,8,Not contacted
29,Importer,RH,Global Trade / Import Compliance,Corporate trade-compliance role,LinkedIn,"2026 SEC filing explicitly states certain products sold are subject to the Lacey Act and composite-wood regulation; high-volume but enterprise sales cycle.",https://www.sec.gov/Archives/edgar/data/1528849/000110465926037992/rh-20260131x10k.htm,7,Not contacted
30,Importer,Shaw Industries Group,Responsible Wood Procurement / Trade Compliance,Corporate contact/LinkedIn,LinkedIn,"Responsible Wood Procurement policy appoints a program administrator and ties supplier legal sourcing to Lacey Act requirements; large enterprise learning prospect.",https://shawpropertysolutions.com/c/about-us-supplier-responsibility/shaw-responsible-wood-procurement-policy,7,Not contacted
